DAY_WEEK,CITY,RAIL,MAN_COLL,LATITUDE,WEATHER1,HARM_EV,MINUTE,WEATHER2,HOSP_HR,WEATHER,PEDS,ARR_HOUR,STATE,CF2,TWAY_ID,TWAY_ID2,PERSONS,CF3,WRK_ZONE,FATALS,NOT_MIN,ROUTE,DRUNK_DR,REL_ROAD,SCH_BUS,COUNTY,YEAR,MONTH,ST_CASE,CF1,NOT_HOUR,MILEPT,LGT_COND,VE_TOTAL,SP_JUR,HOSP_MN,VE_FORMS,NHS,ARR_MIN,LONGITUD,DAY,HOUR
6,1760,0000000,0,36.17720556,1,8,35,0,99,1,1,99,47,0,MAIN ST,99999999999999999999,2,0,0,1,99,6,0,1,0,37,2009,1,470043,0,99,7,3,1,0,99,1,0,99,-86.75398333,2,17
2,1760,0000000,0,36.21679444,2,8,30,0,99,2,1,99,47,0,GALLATIN PIKE,99999999999999999999,2,0,0,1,99,6,0,1,0,37,2009,1,470044,0,99,38,3,1,0,99,1,0,99,-86.7289,5,17
4,1760,0000000,0,36.19673611,1,53,40,0,99,1,0,99,47,0,BUENA VISTA PIKE,99999999999999999999,2,0,0,1,99,6,0,4,0,37,2009,1,470045,0,99,23,1,1,0,99,1,0,99,-86.82846944,14,8
7,1760,0000000,0,36.16551111,1,42,0,0,99,1,0,99,47,0,MAIN DR,99999999999999999999,2,0,0,1,99,6,1,5,0,37,2009,2,470114,0,99,2,3,1,0,99,1,0,99,-86.73353611,14,3
2,1760,0000000,0,36.05765278,2,53,40,0,88,2,0,99,47,0,APACHE TRAIL,99999999999999999999,1,0,0,1,99,6,1,4,0,37,2009,1,470197,0,99,3,3,1,0,88,1,0,99,-86.69109722,26,22
7,1760,0000000,0,36.09010556,1,1,45,0,99,1,0,99,47,0,I-65,99999999999999999999,1,0,0,1,99,1,0,1,0,37,2009,4,470222,0,99,40,1,1,0,99,1,1,99,-86.76283611,25,8
7,1760,0000000,0,36.15534444,1,25,30,0,99,1,0,99,47,0,US-SR24,99999999999999999999,3,0,0,1,99,2,1,2,0,37,2009,1,470237,0,99,2,3,1,0,99,1,0,99,-86.78844167,24,0
7,1760,0000000,2,36.28826944,2,12,22,0,99,2,0,99,47,0,US-SR112,99999999999999999999,3,0,0,2,99,2,0,1,0,37,2009,2,470246,0,99,75,1,2,0,99,2,0,99,-86.87960278,28,10
4,1760,0000000,0,36.23756389,1,8,17,0,88,1,1,99,47,0,US-SR6,99999999999999999999,2,0,0,1,99,2,0,1,0,37,2009,3,470247,0,99,167,3,1,0,88,1,0,99,-86.72430278,4,23
1,1760,0000000,0,36.00148889,1,43,32,0,88,1,0,99,47,0,CANE RIDGE RD,99999999999999999999,1,0,0,1,99,6,0,4,0,37,2009,3,470252,0,99,1,1,1,0,88,1,0,99,-86.63680556,8,17
3,1760,0000000,2,36.31890278,1,12,37,0,99,1,0,99,47,0,I-24,99999999999999999999,3,0,0,1,99,1,1,1,0,37,2009,3,470253,0,99,47,2,2,0,99,2,1,99,-86.83852222,24,2
5,1760,0000000,2,36.28780556,2,12,26,0,88,2,0,99,47,0,I-65,99999999999999999999,2,0,0,2,99,1,1,1,0,37,2009,3,470265,0,99,184,2,2,0,88,2,1,99,-86.72567222,26,2
6,1760,0000000,5,36.09492222,1,12,0,0,99,1,0,99,47,0,ANTIOCH PIKE,99999999999999999999,4,0,0,1,99,6,0,1,0,37,2009,3,470290,0,99,53,1,2,0,99,2,0,99,-86.70055556,13,13
4,1760,0000000,2,36.28331389,1,12,54,0,99,1,0,99,47,0,US-SR6,99999999999999999999,7,0,0,1,99,2,0,1,0,37,2009,4,470292,0,99,200,1,3,0,99,3,0,99,-86.70699167,8,11
7,1760,0000000,5,36.04841111,2,12,46,0,99,2,0,99,47,0,EDMONDSON PIKE,BRENTWOOD PLACE,3,0,0,1,99,6,0,1,0,37,2009,5,470294,0,99,23,1,2,0,99,2,0,99,-86.74365556,2,8
2,1760,0000000,0,36.32049444,2,24,26,0,99,2,0,99,47,0,I-24,99999999999999999999,1,0,0,1,99,1,0,4,0,37,2009,4,470295,0,99,41,1,1,0,99,1,1,99,-86.84881111,6,9
1,1760,0000000,0,36.15381667,1,8,37,0,99,1,2,99,47,0,US-SR1,99999999999999999999,3,0,0,1,99,2,0,1,0,37,2009,4,470301,0,99,168,3,1,0,99,1,0,99,-86.79440556,26,2
4,1760,0000000,0,36.17114722,1,8,5,0,99,1,1,99,47,0,10TH AVE N,99999999999999999999,2,0,0,1,99,6,0,1,0,37,2009,4,470359,1,99,3,2,1,0,99,1,0,99,-86.79396111,15,21
2,1760,0000000,5,36.11338333,1,12,38,0,99,1,0,99,47,0,US-SR1,99999999999999999999,2,0,0,1,99,2,0,1,0,37,2009,4,470360,0,99,238,1,2,0,99,2,0,99,-86.69035278,27,16
6,1760,0000000,0,36.09858056,1,5,3,0,99,1,0,99,47,0,US-SR11,HARRISON ST,1,0,0,1,99,2,0,1,0,37,2009,5,470364,0,99,85,1,1,0,99,1,0,99,-86.73893333,8,18
7,1760,0000000,0,36.08777222,1,8,9,0,99,1,1,99,47,0,US-SR11,99999999999999999999,2,0,0,1,99,2,0,1,0,37,2009,5,470365,0,99,77,3,1,0,99,1,0,99,-86.73116111,9,22
6,1760,0000000,0,36.26671389,2,15,4,0,99,2,1,99,47,0,DUPONT AVE,99999999999999999999,2,0,0,1,99,6,0,1,0,37,2009,5,470366,0,99,1,1,1,0,99,1,0,99,-86.70906667,15,18
5,1760,0000000,0,36.04701111,1,42,35,0,88,1,0,99,47,0,SR-254,99999999999999999999,1,0,0,1,99,3,1,4,0,37,2009,5,470367,0,99,136,1,1,0,88,1,1,99,-86.68123611,21,11
2,1760,0000000,2,36.38168333,1,12,5,0,99,1,0,99,47,0,US-SR65,SYCAMORE CREEK RD,2,0,0,1,99,2,0,1,0,37,2009,4,470401,0,99,154,1,2,0,99,2,0,99,-86.89479167,27,7
3,1760,0000000,0,36.20611944,1,18,25,0,99,1,0,99,47,0,US-SR6,99999999999999999999,2,0,0,1,99,2,0,1,0,37,2009,5,470402,0,99,133,2,2,0,99,2,1,99,-86.75000833,19,20
4,1760,0000000,0,36.27003611,1,34,7,0,99,1,0,99,47,0,I-65,99999999999999999999,1,0,0,1,99,1,1,3,0,37,2009,5,470404,0,99,170,3,1,0,99,1,1,99,-86.73668611,27,3
3,1760,0000000,0,36.02812222,1,36,5,0,88,1,0,99,47,0,I-24,99999999999999999999,1,0,0,1,99,1,0,4,0,37,2009,6,470414,0,99,259,2,1,0,88,1,1,99,-86.63602778,2,1
4,1760,0000000,2,36.07726944,1,12,4,0,99,1,0,99,47,0,I-40,99999999999999999999,2,0,0,1,99,1,1,1,0,37,2009,5,470515,0,99,6,2,2,0,99,2,1,99,-87.02937778,6,2
3,1760,0000000,1,36.18920556,1,12,26,0,99,1,0,99,47,0,US-SR24,99999999999999999999,5,0,0,1,99,2,0,1,0,37,2009,6,470516,0,99,252,1,3,0,99,2,0,99,-86.62784167,23,14
6,1760,0000000,6,36.20661389,1,12,4,0,99,1,0,99,47,0,US-SR65,BRICK CHURCH PIKE,3,0,0,1,99,2,1,1,0,37,2009,7,470517,0,99,5,3,2,0,99,2,0,99,-86.77789722,3,23
1,1760,0000000,0,36.09772222,2,5,42,0,99,2,0,99,47,19,I-24,99999999999999999999,5,0,0,1,99,1,0,1,0,37,2009,7,470519,14,99,195,1,4,0,99,4,1,99,-86.70927222,5,17
2,1760,0000000,0,36.08091389,2,30,13,0,99,2,0,99,47,0,SR-255,99999999999999999999,2,0,0,1,99,3,1,4,0,37,2009,6,470520,0,99,13,3,1,0,99,1,1,99,-86.75155,22,22
4,1760,0000000,2,36.20523611,2,12,0,0,99,2,0,99,47,0,TULIP GROVE RD,99999999999999999999,4,0,0,1,99,6,0,1,0,37,2009,7,470522,0,99,24,1,2,0,99,2,0,99,-86.58996944,29,7
3,1760,0000000,0,36.15225,1,39,2,0,99,1,0,99,47,0,I-40,99999999999999999999,1,0,1,1,99,1,0,4,0,37,2009,7,470524,0,99,124,1,1,0,99,1,1,99,-86.85769722,21,9
7,1760,0000000,5,36.15795,1,12,28,0,99,1,0,99,47,0,US-SR24,CHURCH ST,2,0,0,1,99,2,0,1,0,37,2009,2,470525,0,99,121,1,2,0,99,2,0,99,-86.79160556,28,10
2,1760,0000000,0,36.06785,1,33,30,0,88,1,0,99,47,0,OLD HICKORY BLVD,99999999999999999999,1,0,0,1,99,6,0,4,0,37,2009,3,470577,0,99,5,1,1,0,88,1,0,99,-86.91715833,23,11
5,1760,0000000,2,36.13173889,1,12,38,0,99,1,0,99,47,0,SR-255,99999999999999999999,2,0,0,1,99,3,0,1,0,37,2009,7,470578,0,99,85,1,2,0,99,2,1,99,-86.66449167,16,19
2,1760,0000000,0,36.12525833,1,39,3,0,88,1,0,99,47,0,I-440,99999999999999999999,1,0,0,1,99,1,1,2,0,37,2009,9,470647,0,99,77,3,1,0,88,1,1,99,-86.73328333,14,2
7,1760,0000000,7,36.14156944,1,12,0,0,99,1,0,99,47,0,I-40,99999999999999999999,5,0,0,1,99,1,0,1,0,37,2009,8,470649,0,99,213,1,2,0,99,2,1,99,-86.73275,29,7
6,1760,0000000,0,36.13436667,1,24,38,0,88,1,0,99,47,0,I-65,99999999999999999999,1,0,0,1,99,1,0,4,0,37,2009,9,470654,0,99,73,3,1,0,88,1,1,99,-86.77543611,11,1
7,1760,0000000,0,36.11269167,1,30,23,0,99,1,0,99,47,0,BROWNLEE DR,99999999999999999999,5,0,0,1,99,6,1,6,0,37,2009,4,470703,0,99,3,2,1,0,99,1,0,99,-86.89709444,25,4
5,1760,0000000,0,36.22600556,1,9,43,0,99,1,1,99,47,0,US-SR11,99999999999999999999,4,0,0,1,99,2,0,1,0,37,2009,10,470710,0,99,164,3,1,0,99,1,0,99,-86.76013333,1,19
3,1760,0000000,0,36.21000833,1,8,58,0,99,1,1,99,47,0,ARDEE AVE,99999999999999999999,2,0,0,1,99,6,0,1,0,37,2009,9,470756,0,99,0,3,1,0,99,1,0,99,-86.71392222,8,22
5,1760,0000000,0,36.13084444,1,39,8,0,99,1,0,99,47,0,FOOTHILL DR,99999999999999999999,1,0,0,1,99,6,0,4,0,37,2009,10,470841,0,99,0,1,1,0,99,1,0,99,-86.71729167,29,9
1,1760,0000000,0,36.12526111,1,1,13,0,99,1,0,99,47,0,I-440,99999999999999999999,2,0,0,2,99,1,0,6,0,37,2009,8,470842,0,99,73,3,1,0,99,1,1,99,-86.73321389,23,3
1,1760,0000000,0,36.06871667,2,33,45,0,88,2,0,99,47,0,EDMONDSON PIKE,99999999999999999999,1,0,0,1,99,6,1,4,0,37,2009,9,470844,0,99,39,3,1,0,88,1,0,99,-86.73665833,20,19
7,1760,0000000,7,36.10898056,1,12,0,0,88,1,0,99,47,0,I-40,99999999999999999999,2,0,0,1,99,1,0,1,0,37,2009,10,470845,0,99,80,2,2,0,88,2,1,99,-86.92572222,24,19
5,1760,0000000,1,36.12506111,1,14,54,0,99,1,0,99,47,0,I-65,99999999999999999999,4,0,0,2,99,1,0,2,0,37,2009,10,470848,0,99,66,1,2,0,99,2,1,99,-86.77285556,22,14
1,1760,0000000,1,36.01726944,1,12,14,0,99,1,0,99,47,0,I-24,99999999999999999999,6,0,0,1,99,1,1,1,0,37,2009,10,470849,0,99,269,2,2,0,99,2,1,99,-86.62388333,25,20
7,1760,0000000,9,36.23195,1,12,15,0,99,1,0,99,47,0,BRICK CHURCH PIKE,99999999999999999999,4,0,0,1,99,6,1,1,0,37,2009,10,470850,0,99,18,1,2,0,99,2,0,99,-86.78154722,31,13
1,1760,0000000,1,36.24038056,1,12,47,0,99,1,0,99,47,0,SR-155,99999999999999999999,5,0,0,1,99,3,0,1,0,37,2009,11,470855,0,99,154,1,2,0,99,2,1,99,-86.74733611,1,15
7,1760,0000000,0,36.10889444,1,1,19,0,99,1,0,99,47,0,I-40,99999999999999999999,2,0,0,1,99,1,1,1,0,37,2009,7,470869,0,99,75,1,1,0,99,1,1,99,-86.92587778,4,8
2,1760,0000000,0,36.08160278,1,25,19,0,88,1,0,99,47,0,I-24,99999999999999999999,1,0,0,1,99,1,1,2,0,37,2009,11,470870,0,99,210,3,1,0,88,1,1,99,-86.69718611,9,1
4,1760,0000000,0,36.09355278,1,32,45,0,99,1,0,99,47,0,FRANKLIN LIMESTONE R,99999999999999999999,2,0,0,1,99,6,1,4,0,37,2009,11,470895,0,99,3,2,1,0,99,1,0,99,-86.65748056,18,5
2,1760,0000000,0,36.06075556,1,19,0,0,99,1,0,99,47,0,ANTIOCH PIKE,99999999999999999999,3,0,0,1,99,6,0,4,0,37,2009,12,470913,0,99,23,1,1,0,99,1,0,99,-86.67416944,14,11
6,1760,0000000,0,36.06869167,2,24,24,0,99,2,0,99,47,0,HAYWOOD LN,99999999999999999999,5,0,0,1,99,6,1,5,0,37,2009,12,470914,0,99,9,1,2,0,99,2,0,99,-86.703275,25,8
7,1760,0000000,0,36.24150556,1,8,48,0,99,1,1,99,47,0,US-SR6,99999999999999999999,5,0,0,1,99,2,0,1,0,37,2009,11,470928,0,99,167,3,1,0,99,1,0,99,-86.73678056,28,21
6,1760,0000000,5,36.05851944,1,12,35,0,88,1,0,99,47,0,TUSCULUM RD,HASTY DR,2,0,0,1,99,6,0,1,0,37,2009,12,470929,0,99,3,1,2,0,88,2,0,99,-86.71926111,4,12
6,1760,0000000,0,36.03720556,2,36,13,0,88,2,0,99,47,0,SR-171,99999999999999999999,2,0,0,1,99,3,0,4,0,37,2009,12,470930,0,99,17,1,2,0,88,2,0,99,-86.61087778,18,11
6,1760,0000000,7,36.14116667,2,14,58,0,99,2,1,99,47,0,I-40,99999999999999999999,2,0,0,1,99,1,1,2,0,37,2009,10,470931,0,99,222,3,2,0,99,1,1,99,-86.71788889,23,23
2,1760,0000000,0,36.14156667,1,25,37,0,88,1,0,99,47,0,I-40,,1,0,0,1,99,1,0,3,0,37,2010,1,470043,0,99,248,3,1,0,88,1,1,99,-86.67143333,11,0
2,1760,0000000,1,36.29193889,1,12,27,0,99,1,0,99,47,0,US-SR112,EATONS CREEK ROAD,2,0,0,1,99,2,0,1,0,37,2010,1,470090,0,99,87,2,2,0,99,2,0,99,-86.88379444,18,17
2,1760,0000000,6,36.14272222,4,12,13,0,99,4,0,99,47,0,I-40,,3,0,0,1,99,1,0,1,0,37,2010,2,470111,0,99,227,1,2,0,99,2,1,99,-86.70831667,1,13
5,1760,0000000,6,36.15586111,2,12,3,0,99,2,0,99,47,0,STEWARTS FERRY PIKE,I-40 E RAMP,4,0,0,1,99,6,0,1,0,37,2010,2,470115,0,99,2,3,2,0,99,2,0,99,-86.62908611,4,22
4,1760,0000000,0,36.07389722,1,8,35,0,88,1,1,99,47,0,US-SR1,WATERFORD CIRCLE,1,0,0,1,99,2,1,1,0,37,2010,2,470116,0,99,72,2,1,0,88,1,0,99,-86.92725278,24,2
4,1760,0000000,0,36.06145833,1,11,5,0,99,1,0,99,47,0,SR-100,,5,0,0,1,99,3,0,1,0,37,2010,2,470119,0,99,87,2,1,0,99,1,0,99,-86.90893611,17,20
2,1760,0000000,0,36.24391667,1,40,4,0,88,1,0,99,47,0,DOVERSIDE DRIVE,US-SR11,1,0,0,1,99,6,0,5,0,37,2010,3,470167,0,99,1,3,1,0,88,1,0,99,-86.75676944,1,20
6,1760,0000000,6,36.35236667,1,12,18,0,88,1,0,99,47,0,US-SR65,BAXTER ROAD,3,0,0,1,99,2,1,1,0,37,2010,3,470168,0,99,132,2,2,0,88,2,0,99,-86.87989444,12,19
3,1760,0000000,0,36.07921111,1,23,0,0,99,1,0,99,47,0,VAUGHNS GAP ROAD,HARDING PLACE,1,0,0,1,99,6,0,4,0,37,2010,1,470170,0,99,0,3,1,0,99,1,0,99,-86.88546111,19,18
2,1760,0000000,0,36.26366944,1,24,35,0,88,1,0,99,47,0,SR-45,,1,0,0,1,99,3,0,4,0,37,2010,3,470196,0,99,88,1,1,0,88,1,1,99,-86.67517778,29,13
1,1760,0000000,0,36.12261111,2,38,24,0,99,2,0,99,47,0,POST ROAD,,1,0,0,1,99,6,1,5,0,37,2010,1,470208,0,99,1,2,1,0,99,1,0,99,-86.85888611,24,23
4,1760,0000000,0,36.14338611,1,32,42,0,88,1,0,99,47,0,BELL ROAD,,1,0,0,1,99,6,1,4,0,37,2010,1,470209,0,99,53,2,1,0,88,1,0,99,-86.62669167,27,23
3,1760,0000000,0,36.07730278,2,42,20,4,99,4,0,99,47,0,I-40,,1,0,0,1,99,1,0,4,0,37,2010,2,470212,0,99,15,2,1,0,99,1,1,99,-87.01244722,9,5
3,1760,0000000,0,36.04221389,10,8,42,0,88,10,1,99,47,0,CEDARMONT DRIVE,,1,0,0,1,99,6,1,1,0,37,2010,2,470213,0,99,0,1,1,0,88,1,0,99,-86.70328056,9,11
6,1760,0000000,0,36.04395,2,30,0,0,88,2,0,99,47,0,SR-254,BROOKVIEW ESTATES DR,1,0,0,1,99,3,0,4,0,37,2010,3,470216,0,99,128,1,1,0,88,1,1,99,-86.69326944,12,7
2,1760,0000000,1,36.14075,4,12,25,0,99,4,0,99,47,0,I-40,,3,0,0,1,99,1,0,1,0,37,2010,1,470242,0,99,214,1,2,0,99,2,1,99,-86.72643889,4,9
6,1760,0000000,0,36.17598889,10,8,30,0,99,10,1,99,47,0,MAIN STREET,,1,0,0,1,99,6,0,1,0,37,2010,1,470243,0,99,5,1,1,0,99,1,0,99,-86.75717778,22,11
2,1760,0000000,0,36.11118611,1,40,18,0,99,1,0,99,47,0,SR-155,,1,0,0,1,99,3,0,4,0,37,2010,4,470244,0,99,14,1,1,0,99,1,0,99,-86.74888611,5,14
4,1760,0000000,6,36.28920278,1,12,56,0,99,1,0,99,47,0,US-SR112,,2,0,0,1,99,2,0,1,0,37,2010,3,470302,0,99,76,1,2,0,99,2,0,99,-86.88005556,17,12
3,1760,0000000,0,36.11830833,1,8,44,0,99,1,1,99,47,0,SR-251,,1,0,0,1,99,3,0,1,0,37,2010,4,470386,23,99,85,2,2,0,99,2,0,99,-86.92337778,6,19
3,1760,0000000,0,36.2736,1,42,31,0,88,1,0,99,47,0,OLD HICKORY BOULEVAR,,1,0,0,1,99,6,0,4,0,37,2010,4,470388,0,99,83,1,1,0,88,1,0,99,-86.84428333,13,15
1,1760,0000000,0,36.2992,1,30,11,0,88,1,0,99,47,0,US-SR112,,1,0,0,1,99,2,0,4,0,37,2010,5,470393,0,99,85,2,1,0,88,1,0,99,-86.88763056,9,3
2,1760,0000000,2,36.20331111,1,12,48,0,99,1,0,99,47,0,SR-12,,2,0,0,1,99,3,1,1,0,37,2010,5,470394,20,99,52,3,2,0,99,2,1,99,-86.85074167,10,19
5,1760,0000000,0,36.23596944,1,25,1,0,99,1,0,99,47,0,SR-155,,1,0,0,1,99,3,0,3,0,37,2010,5,470396,0,99,134,1,1,0,99,1,1,99,-86.70595278,13,17
5,1760,0000000,2,36.18433056,1,12,19,0,99,1,0,99,47,0,CENTRAL PIKE,,2,0,0,1,99,6,0,1,0,37,2010,6,470414,0,99,4,1,2,0,99,2,0,99,-86.62484722,10,13
7,1760,0000000,1,36.10456389,1,12,7,0,99,1,0,99,47,0,US-SR11,,3,0,0,1,99,2,1,1,0,37,2010,4,470430,0,99,90,1,2,0,99,2,0,99,-86.74195833,10,14
5,1760,0000000,0,36.20675,1,8,0,0,88,1,1,99,47,0,US-SR65,,1,0,0,1,99,2,0,1,0,37,2010,5,470431,0,99,7,3,1,0,88,1,0,99,-86.7802,20,0
5,1760,0000000,7,36.15009722,1,12,20,0,88,1,0,99,47,0,I-40,,2,0,0,1,99,1,0,1,0,37,2010,5,470440,0,99,180,3,2,0,88,2,1,99,-86.78426944,13,4
1,1760,0000000,6,36.03462778,1,12,24,0,99,1,0,99,47,0,SR-100,,4,0,0,1,99,3,0,1,0,37,2010,6,470445,0,99,45,1,2,0,99,2,0,99,-86.97297222,6,10
6,1760,0000000,2,36.10566111,1,12,2,0,99,1,0,99,47,0,BELL ROAD,,2,0,0,1,99,6,0,1,0,37,2010,6,470447,0,99,26,1,2,0,99,2,0,99,-86.62904722,11,13
7,1760,0000000,2,36.09897778,1,12,41,0,99,1,0,99,47,0,I-65,,7,0,0,1,99,1,1,1,0,37,2010,7,470511,0,99,47,3,2,0,99,2,1,99,-86.76366944,3,1
1,1760,0000000,1,36.13454722,1,12,52,0,99,1,0,99,47,0,I-24,,2,0,0,1,99,1,1,1,0,37,2010,2,470580,0,99,239,2,2,0,99,2,1,99,-86.72672778,28,2
2,1760,0000000,0,36.23896111,2,1,30,0,88,2,0,99,47,0,SR-155,,1,0,0,1,99,3,0,1,0,37,2010,6,470590,0,99,146,1,1,0,88,1,1,99,-86.74145833,28,15
7,1760,0000000,1,36.13553611,1,12,12,0,99,1,0,99,47,0,MAGNOLIA BOULEVARD,18TH AVENUE S,4,0,0,1,99,6,0,1,0,37,2010,7,470603,0,99,15,1,2,0,99,2,0,99,-86.79715556,10,14
7,1760,0000000,0,36.18016389,1,30,8,0,88,1,0,99,47,0,NORTH NEW HOPE ROAD,,1,0,0,1,99,6,1,4,0,37,2010,8,470606,0,99,5,2,1,0,88,1,0,99,-86.58216944,14,4
6,1760,0000000,0,36.10399444,1,30,41,0,88,1,0,99,47,0,US-SR1,,1,0,0,1,99,2,1,3,0,37,2010,5,470607,0,99,251,3,1,0,88,1,0,99,-86.66765556,28,2
6,1760,0000000,0,36.16639722,1,8,1,0,99,1,1,99,47,0,CHARLOTTE AVENUE,4TH AVENUE N,1,0,0,1,99,6,0,1,0,37,2010,6,470608,0,99,8,1,1,0,99,1,0,99,-86.78065833,25,11
4,1760,0000000,0,36.08233056,2,8,23,0,99,2,2,99,47,0,US-SR11,,1,0,0,1,99,2,0,1,0,37,2010,8,470642,0,99,72,3,1,0,99,1,0,99,-86.72715556,18,23
1,1760,0000000,0,36.26237222,1,8,40,0,99,1,1,99,47,0,SR-45,EAGAN CIRCLE,1,0,0,1,99,3,1,1,0,37,2010,8,470647,0,99,91,3,1,0,99,1,1,99,-86.67925278,22,1
1,1760,0000000,0,36.23810833,1,23,26,0,2,1,0,99,47,0,I-24,,5,0,0,1,99,1,1,3,0,37,2010,1,470682,0,99,119,2,1,0,48,1,1,99,-86.78602222,31,2
3,1760,0000000,2,36.17093056,1,12,0,0,7,1,0,99,47,0,CENTENNIAL BOULEVARD,,2,0,0,1,99,6,0,1,0,37,2010,9,470684,0,99,28,1,2,0,15,2,0,99,-86.86286667,21,7
3,1760,0000000,0,36.20235278,1,33,55,0,5,1,1,5,47,0,US-SR24,,1,0,0,1,57,2,0,4,0,37,2010,6,470694,0,4,234,3,1,0,28,1,0,2,-86.61681667,29,4
4,1760,0000000,2,36.28203889,1,12,5,0,99,1,0,99,47,0,MYATT DRIVE,,2,0,0,1,99,6,1,1,0,37,2010,6,470698,0,99,13,3,2,0,99,2,0,99,-86.69196667,30,1
7,1760,0000000,1,36.08691111,1,12,54,0,99,1,0,99,47,0,BATTERY LANE,,7,0,0,1,99,6,0,1,0,37,2010,8,470711,0,99,55,1,4,0,99,4,0,99,-86.77780833,28,13
5,1760,0000000,0,36.27846667,1,24,51,0,88,1,0,99,47,0,US-SR6,,1,0,0,1,99,2,1,4,0,37,2010,5,470724,0,99,197,3,1,0,88,1,0,99,-86.70926111,20,0
3,1760,0000000,0,36.22436944,1,24,32,0,99,1,0,99,47,0,I-24,,2,0,0,1,99,1,0,4,0,37,2010,7,470725,0,99,123,3,1,0,99,1,1,99,-86.77473889,27,23
5,1760,0000000,0,36.18435556,1,8,35,0,88,1,1,99,47,0,I-65,,2,0,1,1,99,1,0,1,0,37,2010,7,470747,14,99,96,2,2,0,88,2,1,99,-86.79817778,15,23
4,1760,0000000,6,36.29318056,1,12,59,0,99,1,0,99,47,0,US-SR6,ALTA LOMA ROAD,4,0,0,2,99,2,1,1,0,37,2010,10,470767,0,99,208,3,2,0,99,2,0,99,-86.70236667,6,0
5,1760,0000000,6,36.30907778,1,12,30,0,20,1,0,99,47,0,US-SR6,,2,0,0,1,99,2,0,1,0,37,2010,10,470779,0,99,225,3,2,0,57,2,0,99,-86.67865556,7,20
7,1760,0000000,6,36.37198889,1,12,51,0,14,1,0,99,47,0,US-SR11,,5,0,0,1,99,2,0,1,0,37,2010,10,470792,0,99,14,1,2,0,14,2,0,99,-86.74314444,16,13
7,1760,0000000,0,36.19329444,1,8,52,0,99,1,1,99,47,0,US-SR6,,1,0,0,1,99,2,0,1,0,37,2010,10,470810,0,99,123,2,1,0,99,1,1,99,-86.75269167,23,18
7,1760,0000000,0,36.07723333,2,42,57,0,99,2,0,99,47,0,I-40,,1,0,0,1,99,1,0,4,0,37,2010,11,470860,0,99,18,2,1,0,99,1,1,99,-87.00697778,13,23
1,1760,0000000,0,36.13769722,1,1,52,0,99,1,0,99,47,0,I-24 RAMP,,2,0,0,1,99,1,1,4,0,37,2010,10,470867,0,99,174,3,1,0,99,1,1,99,-86.72646667,3,3
2,1760,0000000,2,36.24108056,1,12,30,0,99,1,0,99,47,0,US-SR65,,2,0,0,1,99,2,0,1,0,37,2010,12,470909,0,99,42,1,2,0,99,2,0,99,-86.82020833,6,7
2,1760,0000000,0,36.27518889,1,38,10,0,99,1,0,99,47,0,OLD HICKORY BOULEVAR,,1,0,0,1,99,6,0,4,0,37,2010,11,470924,0,99,55,1,1,0,99,1,0,99,-86.87536944,29,10
1,1760,0000000,6,36.12009167,1,12,57,0,99,1,0,99,47,0,I-40,,2,0,0,1,99,1,0,1,0,37,2010,9,470957,0,99,85,3,2,0,99,2,1,99,-86.91213333,12,19